USE OTEL

INSERT INTO OtelOlanaklari VALUES
	('Mescid'),
	('Spor Salonu'),
	('Golf'),
	('Disko'),
	('SPA'),
	('Masaj'),
	('Bar'),
	('Havuz'),
	('Hamam'),
	('Yemek Salonu');

INSERT INTO Il VALUES
	('Adana'),
	('Adıyaman'),
	('Afyonkarahisar'),
	('Ağrı'),
	('Amasya'),
	('Ankara'),
	('Antalya'),
	('Artvin'),
	('Aydın'),
	('Balıkesir'),
	('Bilecik'),
	('Bingöl'),
	('Bitlis'),
	('Bolu'),
	('Burdur'),
	('Bursa'),
	('Çanakkale'),
	('Çankırı'),
	('Çorum'),
	('Denizli'),
	('Diyarbakır'),
	('Edirne'),
	('Elazığ'),
	('Erzincan'),
	('Erzurum'),
	('Eskişehir'),
	('Gaziantep'),
	('Giresun'),
	('Gümüşhane'),
	('Hakkâri'),
	('Hatay'),
	('Isparta'),
	('İçel (Mersin)'),
	('İstanbul'),
	('İzmir'),
	('Kars'),
	('Kastamonu'),
	('Kayseri'),
	('Kırklareli'),
	('Kırşehir'),
	('Kocaeli'),
	('Konya'),
	('Kütahya'),
	('Malatya'),
	('Manisa'),
	('Kahramanmaraş'),
	('Mardin'),
	('Muğla'),
	('Muş'),
	('Nevşehir'),
	('Niğde'),
	('Ordu'),
	('Rize'),
	('Sakarya'),
	('Samsun'),
	('Siirt'),
	('Sinop'),
	('Sivas'),
	('Tekirdağ'),
	('Tokat'),
	('Trabzon'),
	('Tunceli'),
	('Şanlıurfa'),
	('Uşak'),
	('Van'),
	('Yozgat'),
	('Zonguldak'),
	('Aksaray'),
	('Bayburt'),
	('Karaman'),
	('Kırıkkale'),
	('Batman'),
	('Şırnak'),
	('Bartın'),
	('Ardahan'),
	('Iğdır'),
	('Yalova'),
	('Karabük'),
	('Kilis'),
	('Osmaniye'),
	('Düzce');

INSERT INTO Calisan(KimlikNo, Cinsiyet, TelefonNumarasi, Ad, Soyad, DogumTarihi, Email) VALUES
	('69602152619', 'E', '5526554316', 'VEYSEL', 'ŞEN', '1992-10-23', '55şen@mail.com'),
	('11881664465', 'E', '1504283894', 'MEHMET', 'KANDEMİR', '1983-07-24', '15kandemi̇r@mail.com'),
	('72619968368', 'E', '2372820738', 'YUSUF', 'ÇEVİK', '1986-09-10', '23çevi̇k@mail.com'),
	('31599996346', 'E', '3700392175', 'RAMAZAN', 'ERKURAN', '1990-07-01', '37erkuran@mail.com'),
	('83058986248', 'E', '8304202043', 'ALİ', 'TÜTEN', '1989-07-02', '83tüten@mail.com'),
	('99826265011', 'E', '2988167322', 'HASAN', 'ÖZTÜRK', '1981-01-27', '29öztürk@mail.com'),
	('55195243629', 'E', '7239644589', 'ABDİ', 'YÜZBAŞIOĞLU', '1992-05-25', '72yüzbaşioğlu@mail.com'),
	('69029057435', 'E', '9707304689', 'OSMAN', 'VURAL', '1990-03-21', '97vural@mail.com'),
	('66819804971', 'E', '3783807712', 'KENAN', 'YÜCEL', '1981-01-10', '37yücel@mail.com'),
	('79038300259', 'E', '0468100675', 'KADİR', 'SÖNMEZ', '1982-11-24', '04sönmez@mail.com'),
	('44656685973', 'E', '5933364296', 'MUTLU', 'ERTEKİN', '1983-07-15', '59erteki̇n@mail.com'),
	('95945527598', 'E', '5000838746', 'CEMAL', 'DEDE', '1994-06-11', '50dede@mail.com'),
	('68772496353', 'E', '7954495923', 'MÜMİN', 'UYANIK', '1990-10-02', '79uyanik@mail.com'),
	('60505641764', 'E', '9265437041', 'BAYRAM', 'ASLAN', '1984-09-09', '92aslan@mail.com'),
	('75331202354', 'E', '0715495824', 'MAHMUT', 'AKBULUT', '1980-11-29', '07akbulut@mail.com'),
	('65774210504', 'E', '2534507562', 'HÜSEYİN', 'ORHON', '1984-07-10', '25orhon@mail.com'),
	('86071238664', 'E', '5895444255', 'BÜNYAMİN', 'UZ', '1983-06-08', '58uz@mail.com'),
	('60074526177', 'E', '3932119618', 'HALİL', 'YAVUZ', '1975-08-03', '39yavuz@mail.com'),
	('42363918712', 'E', '2035409801', 'BURHAN', 'ERDEM', '1997-11-08', '20erdem@mail.com'),
	('73335265472', 'E', '9017156204', 'ÖMER', 'KULAÇ', '1986-01-18', '90kulaç@mail.com'),
	('14783877643', 'E', '2280181876', 'GÖKHAN', 'KAYA', '1983-09-29', '22kaya@mail.com'),
	('62357294062', 'E', '7608356065', 'HİMMET', 'SELVİ', '1984-05-12', '76selvi̇@mail.com'),
	('08929754684', 'E', '9060017283', 'KEMAL', 'AKPINAR', '1987-12-31', '90akpinar@mail.com'),
	('74049376406', 'E', '7029281733', 'CUMALİ', 'ABACIOĞLU', '1983-03-20', '70abacioğlu@mail.com'),
	('04194132273', 'E', '5546348813', 'MUSTAFA', 'ÇAY', '1981-05-23', '55çay@mail.com'),
	('74993093249', 'E', '9220665209', 'SÜLEYMAN', 'IŞIK', '1988-07-01', '92işik@mail.com'),
	('58024005034', 'E', '2555378937', 'MUSA', 'ÖZER', '1996-01-03', '25özer@mail.com'),
	('33101470447', 'E', '1348838528', 'İSMAİL', 'ÖZDEMİR', '1995-04-02', '13özdemi̇r@mail.com'),
	('03848961222', 'E', '9062494231', 'FERHAT', 'ÖZTÜRK', '1992-08-31', '90öztürk@mail.com'),
	('86993323412', 'E', '2656671522', 'NUH', 'TAHTACI', '1993-12-06', '26tahtaci@mail.com'),
	('23905682188', 'E', '5962141084', 'İZZET', 'BÜYÜKCAM', '1994-01-05', '59büyükcam@mail.com'),
	('92678953087', 'E', '4601436057', 'İBRAHİM', 'KULAKSIZ', '1979-02-28', '46kulaksiz@mail.com'),
	('84440152701', 'E', '3195024738', 'TURKAY', 'AKSEL', '1984-10-23', '31aksel@mail.com'),
	('97290909856', 'E', '5310604607', 'HAKKI', 'EROĞLU', '1994-07-14', '53eroğlu@mail.com'),
	('43839780829', 'E', '5304916864', 'GÜNKÜR', 'KARAKUM', '1983-06-07', '53karakum@mail.com'),
	('60849478335', 'E', '0360795973', 'İSMET', 'DAL', '1990-03-25', '03dal@mail.com'),
	('86999978266', 'E', '3972032037', 'AVNİ', 'ÖCAL', '1983-07-20', '39öcal@mail.com'),
	('06022190295', 'E', '8740025223', 'DURAN', 'AYHAN', '1984-01-31', '87ayhan@mail.com'),
	('42170529756', 'E', '1227213903', 'AHMET', 'YİĞİT', '1980-07-06', '12yi̇ği̇t@mail.com'),
	('23098843245', 'E', '1056569614', 'KAMBER', 'YARBİL', '1990-02-18', '10yarbi̇l@mail.com'),
	('67143576865', 'E', '2769329265', 'MEVZU', 'CANACANKATAN', '1981-06-20', '27canacankatan@mail.com'),
	('07735264244', 'E', '1191975299', 'NEÇMİTTİN', 'GÜMÜŞAY', '1988-03-04', '11gümüşay@mail.com'),
	('45615037851', 'E', '7392479403', 'SERDAR', 'MURT', '1993-09-03', '73murt@mail.com'),
	('29821764857', 'E', '7102108242', 'MEHMETDEDE', 'HALHALLI', '1990-10-05', '71halhalli@mail.com'),
	('34362740059', 'E', '5316257595', 'CİHAN', 'ULUÖZ', '1983-10-21', '53uluöz@mail.com'),
	('15776648412', 'E', '6570297578', 'ZAFER', 'ŞEYHANLI', '1983-03-14', '65şeyhanli@mail.com'),
	('92396781396', 'E', '6106899286', 'TEVFİK', 'ÇALIŞKANTÜRK', '1981-07-11', '61çalişkantürk@mail.com'),
	('05449639041', 'E', '0236969231', 'HACI', 'YILMAZ', '1990-12-02', '02yilmaz@mail.com'),
	('06929238423', 'E', '3251448247', 'RIZA', 'SARAÇOĞLU', '1986-01-22', '32saraçoğlu@mail.com'),
	('75743721745', 'K', '0837768535', 'TİJEN', 'CANDAN', '1991-11-29', '08candan@mail.com'),
	('23146342955', 'K', '9903007932', 'SEVGİ', 'TEMEL', '1986-08-30', '99temel@mail.com'),
	('47207444971', 'K', '2315210564', 'AYŞE', 'YENİGÜN', '1994-09-30', '23yeni̇gün@mail.com'),
	('36638313315', 'K', '8702737473', 'DÖNDÜ', 'YILDIRIM', '1992-02-04', '87yildirim@mail.com'),
	('30618042526', 'K', '4372932232', 'SEHER', 'BEDER', '1985-12-03', '43beder@mail.com'),
	('96011722356', 'K', '5847554124', 'YASEMİN', 'AKINCI', '1990-10-21', '58akinci@mail.com'),
	('31964738777', 'K', '8982283303', 'EMİNE', 'ÖZDEMİR', '1994-10-03', '89özdemi̇r@mail.com'),
	('41422476266', 'K', '5362585367', 'AYSEL', 'ONUK', '1980-05-20', '53onuk@mail.com'),
	('02542320254', 'K', '2419848184', 'CENNET', 'AYDOĞAN', '1980-06-06', '24aydoğan@mail.com'),
	('94515070669', 'K', '5776605099', 'MELAHAT', 'YILMAZ', '1981-01-01', '57yilmaz@mail.com'),
	('38456497269', 'K', '3758237487', 'ESRA', 'AKCAN ATASOY', '1983-03-29', 'ESatasoy@mail.com'),
	('71207197764', 'K', '0255649328', 'HİLAL', 'SARAÇOĞLU ÇEKİÇ', '1997-09-07', 'Hİçeki̇ç@mail.com'),
	('47226830446', 'K', '4803198418', 'İMREN', 'CÖMERT', '1993-01-30', '48cömert@mail.com'),
	('02388625904', 'K', '9531824827', 'HAYRİYE', 'TOPAL', '1991-12-03', '95topal@mail.com'),
	('43747215145', 'K', '2816376024', 'HATİCE', 'KARAHAN', '1980-05-21', '28karahan@mail.com'),
	('57363094406', 'K', '9361186521', 'HACERE', 'ŞAHİN', '1998-04-08', '93şahi̇n@mail.com'),
	('87925972626', 'K', '2338340847', 'DURSUN', 'ÇETİN', '1994-04-28', '23çeti̇n@mail.com'),
	('72162149875', 'K', '1583283206', 'NEZİHAT', 'YILMAZ İNAL', '1988-06-29', 'NEi̇nal@mail.com'),
	('92039803416', 'K', '2444764867', 'SELVER', 'AYTAÇ', '1986-06-06', '24aytaç@mail.com'),
	('73784891907', 'K', '1126654029', 'FATMA', 'YILDIZ ALTUN', '1975-08-25', 'FAaltun@mail.com'),
	('04075311303', 'K', '2569009302', 'SABRİYE', 'KİŞİ', '1984-04-04', '25ki̇şi̇@mail.com'),
	('21072236807', 'K', '4908258887', 'ÜMMÜGÜLSÜM', 'GÜNDÜZ', '1980-08-17', '49gündüz@mail.com'),
	('44471844636', 'K', '4462219196', 'FADİME', 'ÖZKURT PÜRCÜ', '1992-07-05', 'FApürcü@mail.com'),
	('28661255345', 'K', '0403013102', 'NAZMİYE', 'AK', '1997-11-25', '04ak@mail.com'),
	('75741854241', 'K', '5910345522', 'RAZİYE', 'URFALI', '1994-07-30', '59urfali@mail.com'),
	('60675164011', 'K', '6091637986', 'GAMZE', 'KARAMAN', '1992-10-21', '60karaman@mail.com'),
	('00598083058', 'K', '8549544794', 'MERYEM', 'MEMETOĞLU', '1999-08-31', '85memetoğlu@mail.com'),
	('60130912459', 'K', '1108980294', 'GÜLTEN', 'KAZBEK', '1992-11-30', '11kazbek@mail.com'),
	('37266987979', 'K', '2702696788', 'CEMİLE', 'KİREÇÇİ', '1986-09-13', '27ki̇reççi̇@mail.com'),
	('36149320569', 'K', '8975169031', 'ZEYNEP', 'AKIN', '1994-03-15', '89akin@mail.com'),
	('20291911491', 'K', '2213588225', 'HAVVA', 'YADİGAROĞLU', '1996-01-11', '22yadi̇garoğlu@mail.com'),
	('31840094338', 'K', '3712972357', 'MEDİNE', 'YÜKSEL', '1986-04-28', '37yüksel@mail.com'),
	('91435109011', 'K', '8493103713', 'GÜLER', 'ÖZÇELİK ORAL', '1996-05-25', 'GÜoral@mail.com'),
	('30405726484', 'K', '5333732322', 'DUDU', 'BABUŞ', '1986-05-28', '53babuş@mail.com'),
	('70611773925', 'K', '1282637251', 'MÜNEVVER', 'KAPLAN', '1980-02-29', '12kaplan@mail.com'),
	('94445627673', 'K', '6471142594', 'UMMUHANI', 'AKÖZ', '1988-01-29', '64aköz@mail.com'),
	('61675150422', 'K', '7695768965', 'ÖZLEM', 'KARTAL', '1980-05-21', '76kartal@mail.com'),
	('32086423043', 'K', '5374929597', 'SEBAHAT', 'BİLGİÇ', '1986-01-02', '53bi̇lgi̇ç@mail.com'),
	('90063854906', 'K', '1076629233', 'MÜKERREM', 'ERDEN', '1991-05-20', '10erden@mail.com'),
	('11630072702', 'K', '8042440125', 'RAHİME', 'TUĞCUGİL', '1997-12-25', '80tuğcugi̇l@mail.com'),
	('72542231265', 'K', '0749276546', 'ELİF', 'KUMRAL', '1986-10-02', '07kumral@mail.com'),
	('47212759473', 'K', '7397929364', 'HAVA', 'ERBAŞ', '1984-12-24', '73erbaş@mail.com'),
	('84481360505', 'K', '9217076406', 'TESLİME', 'ORAL', '1994-01-31', '92oral@mail.com'),
	('43157619442', 'K', '0205461388', 'HÜRİYE', 'KILAÇ', '1992-06-22', '02kilaç@mail.com'),
	('81382139825', 'K', '5047406545', 'ÖZGÜL', 'CENGİZ', '1983-08-08', '50cengi̇z@mail.com'),
	('45334082516', 'K', '1707488074', 'FERDANE', 'YILDIRIM', '1988-05-11', '17yildirim@mail.com'),
	('90022216605', 'K', '9802148883', 'DURDU', 'KUTLUCAN BAĞCI', '1975-04-11', 'DUbağci@mail.com'),
	('63737644207', 'K', '6879619442', 'ÜMMÜ', 'BALABAN', '1990-07-31', '68balaban@mail.com'),
	('44403057511', 'K', '4385728027', 'HÜRÜ', 'KAYA', '1993-10-02', '43kaya@mail.com'),
	('20510592284', 'K', '7744894868', 'GÜLSEN', 'BALCI', '1999-04-09', '77balci@mail.com'),
	('07876855809', 'K', '0140625738', 'ZAHİDE', 'TÜFEKÇİ', '1984-12-03', '01tüfekçi̇@mail.com');

INSERT INTO Musteri (KimlikNo, Cinsiyet, TelefonNumarasi, Ad, Soyad, DogumTarihi, Email) VALUES
	('25004792873', 'E', '6063538622', 'YASİN', 'SEZER', '1996-08-11', '60sezer@mail.com'),
	('99905950085', 'E', '7012117019', 'RAFET', 'DOĞAN', '2004-08-19', '70doğan@mail.com'),
	('72202793902', 'E', '9830902926', 'SERDAL', 'DEMİR', '2017-06-13', '98demi̇r@mail.com'),
	('66475504242', 'E', '6713232655', 'SELAİDDİN', 'KAYAYURT', '1999-12-28', '67kayayurt@mail.com'),
	('33408436254', 'E', '7335033897', 'BÜLENT', 'SÜRÜM', '1998-10-23', '73sürüm@mail.com'),
	('22960306272', 'E', '2296098939', 'BARIŞ', 'YAVAŞİ', '2012-02-08', '22yavaşi̇@mail.com'),
	('29836490937', 'E', '8244577528', 'FIRAT', 'TURGUT', '2008-07-28', '82turgut@mail.com'),
	('78072038192', 'E', '0859550635', 'DURMUŞALİ', 'ŞEN TANRIKULU', '2013-03-02', 'DUtanrikulu@mail.com'),
	('37118859031', 'E', '2913445264', 'ZİYA', 'BARBAROS', '2004-08-17', '29barbaros@mail.com'),
	('44084039548', 'E', '9611621363', 'MESUT', 'ALDİNÇ', '2006-11-27', '96aldi̇nç@mail.com'),
	('15569379952', 'E', '2201733105', 'SİNAN', 'TEKİN', '2000-01-24', '22teki̇n@mail.com'),
	('69552875139', 'E', '1368420341', 'MEMİLİ', 'GÜLŞAN', '1991-06-20', '13gülşan@mail.com'),
	('60346972685', 'E', '5680528552', 'DEDE', 'KÜFECİLER', '2008-01-24', '56küfeci̇ler@mail.com'),
	('19787808528', 'E', '4140839587', 'ERDİNÇ', 'ALMACIOĞLU', '1995-05-15', '41almacioğlu@mail.com'),
	('00236580896', 'E', '9480812045', 'NURİ', 'ÇİLDİR', '1993-12-11', '94çi̇ldi̇r@mail.com'),
	('84835602638', 'E', '9044646591', 'SAVAŞ', 'TÜRKDOĞAN', '2009-03-28', '90türkdoğan@mail.com'),
	('89674332942', 'E', '2854250175', 'RECEP', 'KAYA', '1984-12-23', '28kaya@mail.com'),
	('96536946204', 'E', '1313045654', 'MUHAMMET', 'ÖNER', '2016-10-05', '13öner@mail.com'),
	('89733986212', 'E', '3541124027', 'NEŞAT', 'ŞELİMAN', '2005-04-30', '35şeli̇man@mail.com'),
	('52993613352', 'E', '6166900413', 'ŞENGÜL', 'YAMAN', '2017-12-25', '61yaman@mail.com'),
	('85765947275', 'E', '6803101453', 'SERKAN', 'ATİK', '2006-11-19', '68ati̇k@mail.com'),
	('24441809675', 'E', '6961652623', 'VELİ', 'YİĞİT', '1987-06-15', '69yi̇ği̇t@mail.com'),
	('04497114231', 'E', '0832634342', 'HÜRKAN', 'GİRAY', '2001-04-01', '08gi̇ray@mail.com'),
	('83225583865', 'E', '8182905388', 'YUNUS', 'YALÇINKAYA', '1998-10-28', '81yalçinkaya@mail.com'),
	('66946206882', 'E', '6802557376', 'DURMUŞ', 'KILIÇ', '2009-08-30', '68kiliç@mail.com'),
	('65633724309', 'E', '5476407535', 'CAHİT', 'ŞENTÜRK', '2007-11-02', '54şentürk@mail.com'),
	('14903277104', 'E', '6106501696', 'ERCAN', 'KARABAĞ', '1981-07-14', '61karabağ@mail.com'),
	('45775384978', 'E', '8363970509', 'AKIN', 'DEĞİRMENCİ', '1996-06-27', '83deği̇rmenci̇@mail.com'),
	('58968461513', 'E', '4589345292', 'YAKUP', 'BODUROĞLU', '2016-04-23', '45boduroğlu@mail.com'),
	('83100334058', 'E', '7130513047', 'YÜCEL', 'YILDIZ', '1996-04-05', '71yildiz@mail.com'),
	('46481948407', 'E', '3421017881', 'VOLKAN', 'GÜLER', '1993-12-26', '34güler@mail.com'),
	('71975803584', 'E', '4575896641', 'EMRAH', 'ERASLAN', '2012-05-13', '45eraslan@mail.com'),
	('22126885805', 'E', '8029434852', 'NİSAN', 'ÜZER', '1985-08-22', '80üzer@mail.com'),
	('69975466116', 'E', '2746415595', 'HÜMMET', 'PİŞİRGEN', '2014-03-30', '27pi̇şi̇rgen@mail.com'),
	('94217826408', 'E', '9405530883', 'VAİTTİN', 'ADANIR', '2009-09-23', '94adanir@mail.com'),
	('99357911487', 'E', '8203349226', 'AYTEKİN', 'KOÇ', '2000-11-18', '82koç@mail.com'),
	('76350122845', 'E', '8745743145', 'LUTFİ', 'KORKMAZ', '2003-08-18', '87korkmaz@mail.com'),
	('89195970327', 'E', '8645203136', 'KASIM', 'YENİDOĞAN', '1987-06-18', '86yeni̇doğan@mail.com'),
	('90776032443', 'E', '2916408987', 'ABDULLAH', 'AYDOĞAN', '2013-12-31', '29aydoğan@mail.com'),
	('39566844548', 'E', '5750565272', 'HAKAN', 'ACARBULUT', '2001-01-11', '57acarbulut@mail.com'),
	('95375657913', 'E', '2243721201', 'BEKİR', 'ERGE', '1981-08-16', '22erge@mail.com'),
	('35115453392', 'E', '6124956206', 'MAZLUM', 'ERDOĞAN', '2007-05-24', '61erdoğan@mail.com'),
	('64062642447', 'E', '1182118806', 'SONER', 'ÖĞÜT AYDIN', '1995-04-21', 'SOaydin@mail.com'),
	('02387804828', 'E', '4844682017', 'CAFER', 'KUŞKU', '2004-08-22', '48kuşku@mail.com'),
	('77626816837', 'E', '0431747764', 'AYCAN', 'KUCUR TÜLÜBAŞ', '1990-01-14', 'AYtülübaş@mail.com'),
	('63111358125', 'E', '5157577004', 'SELÇUK', 'PEKTAŞ', '2003-02-02', '51pektaş@mail.com'),
	('83961633786', 'E', '4219115287', 'SELAHATTİN', 'KAYACAN', '2000-12-07', '42kayacan@mail.com'),
	('51224082117', 'E', '0484689146', 'TUNÇ', 'GÜLEN', '1983-09-28', '04gülen@mail.com'),
	('90549394337', 'E', '6044838784', 'ŞADİ', 'DOĞAN', '2012-01-06', '60doğan@mail.com'),
	('70093398917', 'E', '8063991777', 'KADRİ', 'AYDIN BADILLIOĞLU', '2000-03-09', 'KAbadillioğlu@mail.com'),
	('90743310912', 'E', '6104613872', 'TURGUT', 'GÜLEN AKKÜÇÜK', '1996-06-11', 'TUakküçük@mail.com'),
	('11285833804', 'K', '5541955878', 'ASİYE', 'ATAY', '2015-03-29', '55atay@mail.com'),
	('39117811324', 'K', '3341565479', 'GÜZİDE', 'YARAR', '1994-07-08', '33yarar@mail.com'),
	('33836435354', 'K', '7322887014', 'HABİBE', 'SEVER', '2017-04-30', '73sever@mail.com'),
	('43464283055', 'K', '4953811376', 'FİRDEVS', 'YILDIRIM', '1990-04-26', '49yildirim@mail.com'),
	('24420452301', 'K', '2772694112', 'SENEM', 'ARSLAN KAŞDOĞAN', '2010-07-21', 'SEkaşdoğan@mail.com'),
	('07397243351', 'K', '5441805314', 'MÜMİNE', 'ARKAN', '1992-09-01', '54arkan@mail.com'),
	('25828776565', 'K', '1320648611', 'GÜLÜZAR', 'TUTAŞ', '1999-12-07', '13tutaş@mail.com'),
	('47538981905', 'K', '9073048753', 'KAMİLE', 'ÖZTÜRK', '1989-01-08', '90öztürk@mail.com'),
	('12779009451', 'K', '1335267579', 'ÇAĞLAR', 'HAVAS', '2003-12-01', '13havas@mail.com'),
	('98180992063', 'K', '8275247181', 'MÜJDE', 'SEÇİR', '2009-08-26', '82seçi̇r@mail.com'),
	('48866437953', 'K', '7470431705', 'NEŞE', 'YILDIZ', '1987-10-31', '74yildiz@mail.com'),
	('52775784823', 'K', '5248698443', 'ŞÜKRAN', 'SOYKAMER', '1997-05-31', '52soykamer@mail.com'),
	('65005622754', 'K', '0906691577', 'HÜSNE', 'BEKTAŞ', '1991-12-25', '09bektaş@mail.com'),
	('24639061041', 'K', '4558668177', 'GÜL', 'BERK', '2013-07-14', '45berk@mail.com'),
	('20948689202', 'K', '2621721913', 'CANSU', 'GÜL', '2004-08-20', '26gül@mail.com'),
	('53594878136', 'K', '2631669919', 'DURSİNE', 'GEDİK YILMAZ', '2004-02-18', 'DUyilmaz@mail.com'),
	('17384986727', 'K', '1520845525', 'AYTEN', 'CENGİZ', '2006-01-23', '15cengi̇z@mail.com'),
	('56113117596', 'K', '3688368103', 'MEDİHA', 'ÇOLAK', '2007-12-20', '36çolak@mail.com'),
	('66911068996', 'K', '0784112736', 'SEBİHA', 'BULUT', '2007-02-09', '07bulut@mail.com'),
	('36200604525', 'K', '9345459918', 'ARZU', 'SARI', '1998-09-09', '93sari@mail.com'),
	('78742929992', 'K', '1609470121', 'GÜNGÖRDÜ', 'AKYOL', '1985-02-05', '16akyol@mail.com'),
	('75797922313', 'K', '9648434711', 'SABAHAT', 'BAĞCIK', '1995-12-18', '96bağcik@mail.com'),
	('71282458825', 'K', '8735145453', 'SİBEL', 'KUTLUYURDU', '1993-04-15', '87kutluyurdu@mail.com'),
	('81699831967', 'K', '8982848411', 'ŞEFİĞA', 'DEMİRGAN', '2015-11-26', '89demi̇rgan@mail.com'),
	('58635836805', 'K', '1083077891', 'ZELİHA', 'YİĞİT KUPLAY', '2009-04-03', 'ZEkuplay@mail.com'),
	('77737861006', 'K', '4163803272', 'FADİŞ', 'GERİLMEZ', '1998-07-18', '41geri̇lmez@mail.com'),
	('53258324566', 'K', '1276882787', 'GÜNER', 'DÜZKALIR', '1980-08-26', '12düzkalir@mail.com'),
	('03354915018', 'K', '8658258696', 'SULTAN', 'KÖKSOY', '2005-03-14', '86köksoy@mail.com'),
	('74015503442', 'K', '3738769618', 'NİGAR', 'GÜLŞEN', '1980-05-28', '37gülşen@mail.com'),
	('52653054886', 'K', '0801462602', 'DEMET', 'AKAR', '1985-01-29', '08akar@mail.com'),
	('80418299028', 'K', '3924188326', 'ZALA', 'ÖZDOĞAN', '2012-10-03', '39özdoğan@mail.com'),
	('67406057523', 'K', '5266843563', 'SAFİYE', 'TÖNGE', '1992-03-10', '52tönge@mail.com'),
	('11991145561', 'K', '5826134743', 'MEFARET', 'YASA', '1992-01-17', '58yasa@mail.com'),
	('40987181721', 'K', '6777812935', 'YADİĞAR', 'ÖNVERMEZ', '2010-01-27', '67önvermez@mail.com'),
	('53341282787', 'K', '8805147485', 'NURİYE', 'YILDIRIM', '1990-05-02', '88yildirim@mail.com'),
	('63077567331', 'K', '1157983253', 'NURSEL', 'BİÇER', '2017-07-04', '11bi̇çer@mail.com'),
	('96214308685', 'K', '4336561201', 'SONGÜL', 'KARADEMİR', '1990-05-16', '43karademi̇r@mail.com'),
	('94507127539', 'K', '2061742367', 'ZÜBEYDE', 'ALIMLI', '1997-10-23', '20alimli@mail.com'),
	('88536603853', 'K', '0991479481', 'HACER', 'AKGÜL', '2002-04-17', '09akgül@mail.com'),
	('20703930725', 'K', '9335457809', 'ÜMMÜHAN', 'HANCIOĞLU', '1999-12-12', '93hancioğlu@mail.com'),
	('23984584074', 'K', '2230542268', 'NURAN', 'BATÇIK', '1992-02-21', '22batçik@mail.com'),
	('16080403806', 'K', '7951952111', 'NURTEN', 'OLPAK', '2008-04-15', '79olpak@mail.com'),
	('90251593427', 'K', '7080865034', 'KÜÇÜK', 'BOLAT', '2012-05-31', '70bolat@mail.com'),
	('51942958402', 'K', '2071423115', 'PINAR', 'ARSLAN', '2008-12-06', '20arslan@mail.com'),
	('50569600076', 'K', '1947378227', 'TUĞBA', 'SİĞA', '1997-06-15', '19si̇ğa@mail.com'),
	('75906837621', 'K', '1433833556', 'MELEHAT', 'MERCAN', '1996-12-10', '14mercan@mail.com'),
	('03612019721', 'K', '6073102001', 'VAHİDE', 'BOZKURTER', '1998-05-15', '60bozkurter@mail.com'),
	('20560014928', 'K', '3946370278', 'SERPİL', 'GÜLER', '2002-07-09', '39güler@mail.com'),
	('35742912936', 'K', '6789491524', 'GÜLDANE', 'ERGİNEL', '2002-10-09', '67ergi̇nel@mail.com');

INSERT INTO Musteri(KimlikNo, Cinsiyet, TelefonNumarasi, Ad, Soyad, DogumTarihi) VALUES
	('12345678902', 'K', '5347654322', 'Ayşe', 'Düzgiden', '1988-04-21'),
	('12345678903', 'D', '5347654323', 'Deniz', 'Görmüş', '1992-09-28'),
	('12345678905', 'K', '5347654325', 'Edanur', 'Özdemir', '1997-01-22'),
	('12345678907', 'E', '5347654327', 'Hakan', 'Kösdağ', '1997-09-20'),
	('12345678909', 'D', '5347654329', 'Fatih', 'Teksoy', '1991-05-17'),
	('12345678910', 'E', '5347654310', 'Fatih', 'Termin', '1983-05-17');

INSERT INTO EkHizmet(Ad) VALUES 
	('Oda Servisi'),
	('Oda Kahvaltı'),
	('Uyandırma Servisi'),
	('Çocuk Yatağı'),
	('Minibar');

INSERT INTO Rezervasyon(BaslangicTarihi, BitisTarihi, CikisTarihi, SilinmeTarihi, MusteriId) VALUES
	('2018-04-21', '2018-04-27', '2018-04-27', NULL, 3),
	('2018-03-18', '2018-03-23', '2018-03-23', NULL, 2),
	('2018-01-03', '2018-01-05', '2018-01-05', NULL, 1),
	('2017-04-29', '2017-05-02', NULL, NULL, 4),
	('2018-02-25', '2018-02-26', '2018-02-26', NULL, 5),
	('2018-03-01', '2018-03-25', NULL, NULL, 7),
	('2018-04-26', '2018-05-03', NULL, NULL, 6),
	('2017-07-01', '2017-07-04', NULL, NULL, 8),
	('2017-09-09', '2017-09-14', NULL, '2017-04-28', 9),
	('2018-06-10', '2018-06-24', NULL, '2018-04-19', 10),
	('2017-01-03', '2017-01-23', NULL, NULL, 4),
	('2018-03-03', '2018-03-28', NULL, NULL, 45),
	('2017-01-03', '2017-01-23', NULL, NULL, 45),
	('2017-01-03', '2017-01-23', NULL, NULL, 83),
	('2017-01-03', '2017-01-23', NULL, NULL, 55),
	('2017-01-03', '2017-01-23', NULL, NULL, 65),
	('2018-03-03', '2018-03-31', NULL, NULL, 35),
	('2017-01-03', '2017-01-23', NULL, NULL, 44),
	('2017-01-03', '2017-01-23', NULL, NULL, 13),
	('2017-02-06', '2017-02-26', NULL, NULL, 3),
	('2017-02-06', '2017-02-26', NULL, NULL, 22),
	('2017-02-06', '2017-02-26', NULL, NULL, 24),
	('2017-02-06', '2017-02-26', NULL, NULL, 88),
	('2018-03-06', '2018-03-10', NULL, NULL, 55),
	('2018-03-02', '2018-03-12', NULL, NULL, 33),
	('2018-03-20', '2018-03-26', NULL, NULL, 64),
	('2017-02-06', '2017-02-26', NULL, NULL, 65),
	('2017-02-06', '2017-02-26', NULL, NULL, 82),
	('2018-03-08', '2018-03-15', NULL, NULL, 30),
	('2017-03-08', '2017-03-15', NULL, NULL, 12),
	('2017-03-08', '2017-03-15', NULL, NULL, 77),
	('2017-03-08', '2017-03-15', NULL, NULL, 22),
	('2017-04-13', '2017-04-23', NULL, NULL, 54),
	('2017-04-13', '2017-04-23', NULL, NULL, 50),
	('2017-04-13', '2017-04-23', NULL, NULL, 51),
	('2017-04-13', '2017-04-23', NULL, NULL, 52),
	('2017-04-13', '2017-04-23', NULL, NULL, 92),
	('2017-04-13', '2017-04-23', NULL, NULL, 44),
	('2017-04-13', '2017-04-23', NULL, NULL, 55),
	('2017-04-13', '2017-04-23', NULL, NULL, 18),
	('2017-04-13', '2017-04-23', NULL, NULL, 17),
	('2017-05-06', '2017-05-26', NULL, NULL, 33),
	('2017-05-06', '2017-05-26', NULL, NULL, 92),
	('2017-05-06', '2017-05-26', NULL, NULL, 93),
	('2017-05-06', '2017-05-26', NULL, NULL, 91),
	('2017-05-06', '2017-05-26', NULL, NULL, 20),
	('2017-05-06', '2017-05-26', NULL, NULL, 19),
	('2017-05-06', '2017-05-26', NULL, NULL, 79),
	('2017-05-06', '2017-05-26', NULL, NULL, 73),
	('2017-05-06', '2017-05-26', NULL, NULL, 42),
	('2017-07-08', '2017-07-15', NULL, NULL, 41),
	('2017-07-08', '2017-07-15', NULL, NULL, 46),
	('2017-07-08', '2017-07-15', NULL, NULL, 47),
	('2017-07-08', '2017-07-15', NULL, NULL, 49);

INSERT INTO OdaTipi(Ad) VALUES 
	('Suit'),
	('Tek Kişilik'),
	('Çift Kişilik'),
	('VIP'),
	('Kral Dairesi'),
	('Standart'),
	('Köşe'),
	('Deluxe'),
	('Süperior');

INSERT INTO Ilce(Ad, IlId) VALUES
	('Merkez', 1),
	('Merkez', 2),
	('Merkez', 3),
	('Merkez', 4),
	('Merkez', 5),
	('Merkez', 6),
	('Merkez', 7),
	('Merkez', 8),
	('Merkez', 9),
	('Merkez', 10),
	('Termal', 10);

INSERT INTO Otel (Ad, Telefon, Adres, Email, OtelPuani, OtelYildizi, IlId, IlceId ) VALUES
	('Termal Otel', '5554443322', 'Gökçedere Mahallesi Lale Sokak No: 3', 'mail@termalotel.com', 3, 5, 1, 1),
	('Termal Otel 2', '5554443323', 'Nergis Mahallesi Lale Sokak No: 3', 'mail2@termalotel.com', 2.5, 3, 1, 1),
	('Armada Otel', '5554443322', 'Asma Mahallesi Lale Sokak No: 3', 'mail3@termalotel.com', 4, 5, 1, 1),
	('Termal Otel', '5554443322', 'Kadir Mahallesi Lale Sokak No: 3', 'mail4@termalotel.com', 3, 2, 1, 1),
	('Termal Otel', '5554443322', 'Selfie Mahallesi Lale Sokak No: 3', 'mail5@termalotel.com', 3, 4, 1, 1),
	('Termal Otel', '5554443322', 'Deniz Mahallesi Lale Sokak No: 3', 'mail6@termalotel.com', 3, 4, 1, 1),
	('Termal Otel', '5554443322', 'Bağlarbaşı Mahallesi Lale Sokak No: 3', 'mail7@termalotel.com', 3, 1, 1, 1),
	('Termal Otel', '5554443322', 'Safranyolu Mahallesi Lale Sokak No: 3', 'mail8@termalotel.com', 3, 0, 1, 1),
	('Termal Otel', '5554443322', 'Tigem Mahallesi Lale Sokak No: 3', 'mail9@termalotel.com', 3, 5, 1, 1),
	('Termal Otel', '5554443322', 'Bornoz Mahallesi Lale Sokak No: 3', 'mail10@termalotel.com', 3, 4, 1, 1),
	('Termal Otel', '5554443322', 'Sabuncu Mahallesi Lale Sokak No: 3', 'mail11@termalotel.com', 3, 3, 1, 1),
	('Termal Otel', '5554443322', 'Çam Mahallesi Lale Sokak No: 3', 'mail12@termalotel.com', 3, 2, 1, 1);

INSERT INTO Oda (Kapasite, OtelId, OdaTipiId) VALUES
	(1, 1, 2),
	(1, 1, 2),
	(2, 1, 3),
	(2, 1, 3),
	(2, 1, 3),
	(1, 1, 2),
	(1, 1, 2),
	(2, 1, 3),
	(1, 1, 2),
	(1, 1, 2),
	(2, 1, 3),
	(4, 1, 4),
	(2, 1, 3),
	(1, 1, 2),
	(2, 1, 3),
	(4, 1, 4),
	(1, 1, 2),
	(4, 1, 1),
	(4, 1, 1),
	(1, 1, 2),
	(2, 2, 3),
	(4, 2, 4),
	(4, 2, 5),
	(1, 2, 2),
	(4, 2, 5),
	(1, 2, 2),
	(4, 2, 1),
	(2, 2, 3),
	(2, 2, 3),
	(2, 2, 3),
	(1, 2, 2),
	(1, 2, 2),
	(1, 2, 2),
	(1, 2, 2),
	(1, 2, 2),
	(2, 2, 3),
	(4, 2, 4),
	(2, 2, 3),
	(1, 2, 2),
	(2, 2, 3),
	(4, 3, 4),
	(1, 3, 2),
	(4, 3, 4),
	(1, 3, 2),
	(2, 3, 3),
	(4, 3, 4),
	(4, 3, 5),
	(1, 3, 2),
	(2, 3, 3),
	(4, 3, 4),
	(1, 3, 2),
	(4, 3, 4),
	(4, 3, 5),
	(1, 3, 2),
	(2, 3, 3),
	(4, 3, 4),
	(4, 3, 5),
	(1, 3, 2),
	(4, 3, 4),
	(4, 3, 1),
	(2, 4, 3),
	(4, 4, 4),
	(4, 4, 5),
	(2, 4, 3),
	(1, 4, 2),
	(2, 4, 3),
	(4, 4, 4),
	(1, 4, 2),
	(2, 4, 3),
	(4, 4, 4),
	(1, 4, 2),
	(2, 4, 3),
	(4, 4, 4),
	(4, 4, 5),
	(1, 4, 2),
	(2, 4, 3),
	(4, 4, 4),
	(4, 4, 5),
	(1, 4, 2),
	(1, 4, 2),
	(2, 5, 3),
	(4, 5, 4),
	(4, 5, 5),
	(4, 5, 1),
	(1, 5, 2),
	(2, 5, 3),
	(4, 5, 4),
	(4, 5, 4),
	(2, 5, 3),
	(1, 5, 2),
	(2, 5, 3),
	(2, 5, 3),
	(1, 5, 2),
	(1, 5, 2),
	(2, 5, 3),
	(1, 5, 2),
	(2, 5, 3),
	(2, 5, 3),
	(2, 5, 3),
	(2, 5, 3),
	(2, 6, 3),
	(2, 6, 3),
	(2, 6, 3),
	(2, 6, 3),
	(2, 6, 3),
	(2, 6, 3),
	(1, 6, 2),
	(2, 6, 3),
	(2, 6, 3),
	(2, 6, 3),
	(2, 6, 3),
	(2, 6, 3),
	(2, 6, 3),
	(2, 6, 3),
	(2, 6, 3),
	(2, 6, 3),
	(2, 6, 3),
	(2, 6, 3),
	(2, 6, 3),
	(2, 6, 3),
	(1, 7, 2),
	(2, 7, 3),
	(2, 7, 3),
	(1, 7, 2),
	(2, 7, 3),
	(2, 7, 3),
	(2, 7, 3),
	(2, 7, 3),
	(1, 7, 2),
	(2, 7, 3),
	(2, 7, 3),
	(2, 7, 3),
	(2, 7, 3),
	(4, 7, 1),
	(4, 7, 1),
	(4, 7, 1),
	(4, 7, 1),
	(2, 7, 3),
	(2, 7, 3),
	(2, 7, 3),
	(2, 8, 3),
	(2, 8, 3),
	(2, 8, 3),
	(1, 8, 2),
	(2, 8, 3),
	(2, 8, 3),
	(2, 8, 3),
	(2, 8, 3),
	(2, 8, 3),
	(2, 8, 3),
	(2, 8, 3),
	(2, 8, 3),
	(2, 8, 3),
	(2, 8, 3),
	(2, 8, 3),
	(2, 8, 3),
	(2, 8, 3),
	(1, 8, 2),
	(1, 8, 2),
	(2, 8, 3),
	(2, 9, 3),
	(2, 9, 3),
	(2, 9, 3),
	(1, 9, 2),
	(1, 9, 2),
	(1, 9, 2),
	(1, 9, 2),
	(4, 9, 1),
	(4, 9, 1),
	(4, 9, 1),
	(4, 9, 1),
	(2, 9, 3),
	(2, 9, 3),
	(2, 9, 3),
	(2, 9, 3),
	(1, 9, 2),
	(1, 9, 2),
	(1, 9, 2),
	(1, 9, 2),
	(4, 9, 1),
	(1, 10, 2),
	(1, 10, 2),
	(1, 10, 2),
	(1, 10, 2),
	(1, 10, 2),
	(4, 10, 1),
	(4, 10, 1),
	(4, 10, 1),
	(4, 10, 1),
	(4, 10, 1),
	(1, 10, 2),
	(2, 10, 3),
	(2, 10, 3),
	(2, 10, 3),
	(2, 10, 3),
	(2, 10, 3),
	(2, 10, 3),
	(2, 10, 3),
	(2, 10, 3),
	(1, 10, 2),
	(2, 11, 3),
	(2, 11, 3),
	(2, 11, 3),
	(2, 11, 3),
	(2, 11, 3),
	(2, 11, 3),
	(2, 11, 3),
	(2, 11, 3),
	(2, 11, 3),
	(2, 11, 3),
	(1, 11, 2),
	(1, 11, 2),
	(1, 11, 2),
	(1, 11, 2),
	(1, 11, 2),
	(4, 11, 1),
	(4, 11, 1),
	(4, 11, 1),
	(4, 11, 1),
	(4, 11, 1),
	(1, 12, 2),
	(1, 12, 2),
	(1, 12, 2),
	(1, 12, 2),
	(1, 12, 2),
	(2, 12, 3),
	(2, 12, 3),
	(2, 12, 3),
	(2, 12, 3),
	(2, 12, 3),
	(2, 12, 3),
	(2, 12, 3),
	(2, 12, 3),
	(2, 12, 3),
	(2, 12, 3),
	(2, 12, 3),
	(2, 12, 3),
	(2, 12, 3),
	(1, 12, 2),
	(1, 12, 2);

	-- olanak fiyat
INSERT INTO Fiyat (Deger, BaslangicTarihi, BitisTarihi, OtelOlanaklariId) VALUES
	-- 12 aylik otel olanaklari
	(0, '2018-01-01', '2018-12-01', 1),
	(30, '2018-01-01', '2018-12-01', 2),
	(50, '2018-01-01', '2018-12-01', 3),
	(40, '2018-01-01', '2018-12-01', 4),
	(35, '2018-01-01', '2018-12-01', 5),
	(0, '2018-01-01', '2018-12-01', 6),
	(0, '2018-01-01', '2018-12-01', 7),
	(0, '2018-01-01', '2018-12-01', 8),
	(0, '2018-01-01', '2018-12-01', 9),
	(0, '2018-01-01', '2018-12-01', 10);

	-- ek hizmet fiyat
INSERT INTO Fiyat (Deger, BaslangicTarihi, BitisTarihi, EkHizmetId) VALUES
	-- ilk 6 aylik ek hizmet fiyatlari
	(200, '2018-01-01', '2018-06-01', 5),
	(80, '2018-01-01', '2018-06-01', 4),
	(60, '2018-01-01', '2018-06-01', 3),
	(50, '2018-01-01', '2018-06-01', 2),
	(25, '2018-01-01', '2018-06-01', 1),
	-- son 6 aylik ek hizmet fiyatlari
	(220, '2018-06-01', '2018-12-01', 5),
	(100, '2018-06-01', '2018-12-01', 4),
	(80, '2018-06-01', '2018-12-01', 3),
	(60, '2018-06-01', '2018-12-01', 2),
	(30, '2018-06-01', '2018-12-01', 1);

	-- oda tipi fiyat
INSERT INTO Fiyat (Deger, BaslangicTarihi, BitisTarihi, OdaTipiId) VALUES
	(200, '2010-01-01', '2010-06-30', 1),
	(230, '2010-01-01', '2010-12-31', 2),
	(200, '2010-01-01', '2010-06-15', 3),
	(200, '2010-01-15', '2010-06-30', 4),
	(220, '2010-01-01', '2010-06-30', 5),
	(200, '2010-01-01', '2010-06-15', 6),
	(200, '2010-01-15', '2010-06-30', 7),
	(230, '2010-01-01', '2010-06-30', 8),
	(200, '2010-01-01', '2010-06-30', 9),

	(200, '2010-06-30', '2010-12-31', 1),
	(230, '2010-06-30', '2010-12-31', 3),
	(200, '2010-06-30', '2010-12-15', 4),
	(200, '2010-06-15', '2010-12-31', 5),
	(220, '2010-06-30', '2010-12-31', 6),
	(200, '2010-06-30', '2010-12-31', 7),
	(220, '2010-06-30', '2010-12-31', 8),
	(200, '2010-06-30', '2010-12-31', 9),

	(200, '2011-01-01', '2011-06-30', 1),
	(220, '2011-01-01', '2011-06-30', 2),
	(200, '2011-01-01', '2011-06-15', 3),
	(200, '2011-01-15', '2011-06-30', 4),
	(200, '2011-01-01', '2011-06-30', 5),
	(220, '2011-01-01', '2011-06-15', 6),
	(200, '2011-01-15', '2011-06-30', 7),
	(200, '2011-01-01', '2011-06-30', 8),
	(200, '2011-01-01', '2011-12-31', 9),

	(230, '2011-06-30', '2011-12-31', 1),
	(230, '2011-06-30', '2011-12-31', 2),
	(200, '2011-06-30', '2011-12-15', 3),
	(200, '2011-06-15', '2011-12-31', 4),
	(200, '2011-06-30', '2011-12-31', 5),
	(230, '2011-06-30', '2011-12-31', 6),
	(200, '2011-06-30', '2011-12-31', 7),
	(200, '2011-06-30', '2011-12-31', 8),

	(230, '2012-01-01', '2012-06-30', 1),
	(200, '2012-01-01', '2012-06-30', 2),
	(200, '2012-01-01', '2012-06-15', 3),
	(200, '2012-01-15', '2012-06-30', 4),
	(230, '2012-01-01', '2012-06-30', 5),
	(200, '2012-01-01', '2012-06-30', 6),
	(200, '2012-01-01', '2012-06-30', 7),
	(230, '2012-01-01', '2012-06-30', 8),
	(200, '2012-01-01', '2012-06-30', 9),

	(200, '2012-06-30', '2012-12-31', 1),
	(200, '2012-06-30', '2012-12-15', 2),
	(230, '2012-06-15', '2012-12-31', 3),
	(200, '2012-06-30', '2012-12-31', 4),
	(200, '2012-06-30', '2012-12-31', 5),
	(240, '2012-06-30', '2012-12-31', 6),
	(200, '2012-06-30', '2012-12-31', 7),
	(200, '2012-06-30', '2012-12-31', 8),
	(200, '2012-06-30', '2012-12-31', 9),

	(200, '2013-01-01', '2013-06-30', 1),
	(200, '2013-01-01', '2013-06-15', 2),
	(200, '2013-01-15', '2013-06-30', 3),
	(200, '2013-01-01', '2013-06-30', 4),
	(230, '2013-01-01', '2013-06-30', 5),
	(200, '2013-01-01', '2013-06-30', 6),
	(200, '2013-01-01', '2013-06-30', 7),
	(200, '2013-01-01', '2013-06-30', 8),
	(200, '2013-01-01', '2013-06-30', 9),

	(200, '2013-06-30', '2013-12-31', 1),
	(200, '2013-06-30', '2013-12-15', 2),
	(230, '2013-06-15', '2013-12-31', 3),
	(200, '2013-06-30', '2013-12-31', 4),
	(230, '2013-06-30', '2013-12-15', 5),
	(200, '2013-06-15', '2013-12-31', 6),
	(200, '2013-06-30', '2013-12-31', 7),
	(230, '2013-06-30', '2013-12-31', 8),
	(200, '2013-06-30', '2013-12-31', 9),

	(200, '2014-01-01', '2014-06-15', 1),
	(200, '2014-01-15', '2014-06-30', 2),
	(230, '2014-01-01', '2014-06-30', 3),
	(200, '2014-01-01', '2014-06-30', 4),
	(250, '2014-01-01', '2014-06-30', 5),
	(200, '2014-01-01', '2014-06-30', 6),
	(200, '2014-01-01', '2014-06-30', 7),
	(230, '2014-01-01', '2014-06-30', 8),
	(200, '2014-01-01', '2014-06-30', 9),

	(200, '2014-06-30', '2014-12-31', 1),
	(200, '2014-06-30', '2014-12-15', 2),
	(200, '2014-06-15', '2014-12-31', 3),
	(240, '2014-06-30', '2014-12-31', 4),
	(200, '2014-06-30', '2014-12-31', 5),
	(200, '2014-06-30', '2014-12-31', 6),
	(200, '2014-06-30', '2014-12-31', 7),
	(250, '2014-06-30', '2014-12-15', 8),
	(200, '2014-06-15', '2014-12-31', 9),

	(200, '2015-01-01', '2015-06-15', 1),
	(200, '2015-01-15', '2015-06-30', 2),
	(200, '2015-01-01', '2015-06-30', 3),
	(200, '2015-01-01', '2015-06-30', 4),
	(250, '2015-01-01', '2015-06-15', 5),
	(200, '2015-01-15', '2015-06-30', 6),
	(250, '2015-01-01', '2015-06-30', 7),
	(200, '2015-01-01', '2015-06-30', 8),
	(200, '2015-01-01', '2015-06-30', 9),

	(200, '2015-06-30', '2015-12-31', 1),
	(210, '2015-06-30', '2015-12-31', 2),
	(200, '2015-06-30', '2015-12-31', 3),
	(200, '2015-06-30', '2015-12-31', 4),
	(250, '2015-06-30', '2015-12-31', 5),
	(200, '2015-06-30', '2015-12-31', 6),
	(200, '2015-06-30', '2015-12-31', 7),
	(200, '2015-06-30', '2015-12-31', 8),
	(200, '2015-06-30', '2015-12-31', 9),

	(220, '2016-01-01', '2016-06-30', 1),
	(200, '2016-01-01', '2016-06-30', 2),
	(200, '2016-01-01', '2016-06-30', 3),
	(250, '2016-01-01', '2016-06-30', 4),
	(200, '2016-01-01', '2016-06-30', 5),
	(240, '2016-01-01', '2016-06-30', 6),
	(200, '2016-01-01', '2016-06-30', 7),
	(200, '2016-01-01', '2016-06-30', 8),
	(200, '2016-01-01', '2016-06-30', 9),

	(200, '2016-06-30', '2016-12-31', 1),
	(200, '2016-06-30', '2016-12-31', 2),
	(220, '2016-06-30', '2016-12-31', 3),
	(200, '2016-06-30', '2016-12-31', 4),
	(220, '2016-06-30', '2016-12-31', 5),
	(200, '2016-06-30', '2016-12-31', 6),
	(240, '2016-06-30', '2016-12-31', 7),
	(200, '2016-06-30', '2016-12-31', 8),
	(200, '2016-06-30', '2016-12-31', 9),

	(230, '2017-01-01', '2017-06-30', 1),
	(200, '2017-01-01', '2017-06-14', 2),
	(200, '2017-01-14', '2017-06-30', 3),
	(200, '2017-01-01', '2017-06-30', 4),
	(220, '2017-01-01', '2017-06-14', 5),
	(200, '2017-01-14', '2017-06-30', 6),
	(220, '2017-01-01', '2017-06-30', 7),
	(240, '2017-01-01', '2017-06-30', 8),
	(200, '2017-01-01', '2017-06-30', 9),

	(220, '2017-06-30', '2017-12-31', 1),
	(230, '2017-06-30', '2017-12-31', 2),
	(250, '2017-06-30', '2017-12-31', 3),
	(200, '2017-06-30', '2017-12-31', 4),
	(200, '2017-06-30', '2017-12-31', 5),
	(240, '2017-06-30', '2017-12-31', 6),
	(200, '2017-06-30', '2017-12-31', 7),
	(200, '2017-06-30', '2017-12-31', 8),
	(220, '2017-06-30', '2017-12-31', 9),

	(260, '2018-01-01', '2018-04-20', 1),
	(210, '2018-04-20', '2018-05-01', 1),
	(220, '2018-05-01', '2018-06-30', 1),
	(200, '2018-01-01', '2018-06-20', 2),
	(220, '2018-01-20', '2018-06-30', 3),
	(200, '2018-01-01', '2018-06-30', 4),
	(240, '2018-01-01', '2018-06-30', 5),
	(200, '2018-01-01', '2018-06-30', 6),
	(230, '2018-01-01', '2018-06-30', 7),
	(230, '2018-01-01', '2018-06-30', 8),
	(200, '2018-01-01', '2018-06-30', 9),

	(290, '2018-06-30', '2018-12-31', 1),
	(220, '2018-06-30', '2018-12-20', 2),
	(200, '2018-06-20', '2018-12-31', 3),
	(220, '2018-06-30', '2018-12-31', 4),
	(200, '2018-06-30', '2018-12-31', 5),
	(230, '2018-06-30', '2018-12-31', 6),
	(200, '2018-06-30', '2018-12-31', 7),
	(220, '2018-06-30', '2018-12-31', 8),
	(200, '2018-06-30', '2018-12-31', 9),

	(200, '2019-01-01', '2019-06-30', 1),
	(240, '2019-01-01', '2019-06-20', 2),
	(200, '2019-01-20', '2019-06-30', 3),
	(200, '2019-01-01', '2019-06-30', 4),
	(210, '2019-01-01', '2019-06-30', 5),
	(220, '2019-01-01', '2019-06-30', 6),
	(230, '2019-01-01', '2019-06-30', 7),
	(240, '2019-01-01', '2019-06-30', 8),
	(250, '2019-01-01', '2019-06-30', 9),

	(230, '2019-06-30', '2019-12-31', 1),
	(240, '2019-06-30', '2019-12-20', 2),
	(250, '2019-06-20', '2019-12-31', 3),
	(200, '2019-06-30', '2019-12-31', 4),
	(210, '2019-06-30', '2019-12-20', 5),
	(220, '2019-06-20', '2019-12-31', 6),
	(230, '2019-06-30', '2019-12-31', 7),
	(240, '2019-06-30', '2019-12-31', 8),
	(250, '2019-06-30', '2019-12-31', 9);
	


INSERT INTO Otel_OtelOlanaklari (OtelId, OtelOlanaklariId) VALUES
	(1, 1),
	(2, 1),
	(3, 1),
	(4, 1),
	(5, 1),
	(6, 1),
	(7, 1),
	(8, 1),
	(9, 1),
	(10, 1),
	(11, 1),
	(12, 1),
	(1, 2),
	(3, 2),
	(4, 2),
	(6, 2),
	(7, 2),
	(9, 2),
	(11, 2),
	(12, 2),
	(1, 3),
	(7, 3),
	(8, 3),
	(9, 3),
	(12, 3),
	(1, 4),
	(2, 4),
	(3, 4),
	(7, 4),
	(8, 4),
	(9, 4),
	(1, 5),
	(2, 5),
	(5, 5),
	(6, 5),
	(7, 5),
	(8, 5),
	(9, 5),
	(10, 5),
	(11, 5),
	(12, 5),
	(5, 6),
	(6, 6),
	(7, 6),
	(8, 6),
	(9, 6),
	(10, 6),
	(11, 6),
	(12, 6),
	(1, 7),
	(2, 7),
	(3, 7),
	(4, 7),
	(7, 7),
	(8, 7),
	(9, 7),
	(10, 7),
	(11, 7),
	(12, 7),
	(1, 8),
	(2, 8),
	(8, 8),
	(9, 8),
	(12, 8),
	(1, 9),
	(2, 9),
	(1, 10),
	(2, 10),
	(3, 10),
	(4, 10),
	(5, 10),
	(6, 10),
	(7, 10),
	(8, 10),
	(9, 10),
	(10, 10),
	(11, 10),
	(12, 10);

INSERT INTO Otel_Calisan (OtelId, CalisanId, Maas, BaslangicTarihi, CikisTarihi, SilinmeTarihi) VALUES
	(1, 1, 1390, '2006-01-01', NULL, NULL),
	(2, 2, 1390, '2012-01-01', NULL, NULL),
	(3, 3, 1390, '2012-01-01', '2015-12-18', NULL),
	(4, 4, 2000, '2015-01-01', NULL, NULL),
	(5, 5, 2000, '2015-01-01', NULL, NULL),
	(6, 6, 2000, '2015-01-01', NULL, NULL),
	(7, 7, 2000, '2015-01-01', NULL, NULL),
	(8, 8, 2000, '2015-01-01', NULL, NULL),
	(9, 9, 1850, '2015-01-01', NULL, NULL),
	(10, 10, 1850, '2015-01-01', NULL, NULL),
	(11, 11, 1850, '2010-01-01', NULL, NULL),
	(12, 12, 1850, '2015-01-01', '2015-12-11', NULL),
	(1, 12, 3000, '2016-01-01', NULL, NULL),
	(1, 13, 1850, '2014-01-01', NULL, NULL),
	(2, 14, 1700, '2014-01-01', NULL, NULL),
	(3, 15, 1700, '2014-01-01', NULL, NULL),
	(4, 16, 1700, '2014-01-01', NULL, NULL),
	(5, 17, 1700, '2014-01-01', NULL, NULL),
	(6, 18, 1700, '2012-01-01', '2012-04-18', NULL),
	(7, 19, 1700, '2016-01-01', NULL, NULL),
	(8, 20, 1700, '2016-01-01', NULL, NULL),
	(9, 21, 1650, '2016-01-01', NULL, NULL),
	(10, 22, 1650, '2016-01-01', NULL, NULL),
	(11, 23, 1650, '2016-01-01', NULL, NULL),
	(12, 24, 1650, '2016-01-01', NULL, NULL),
	(1, 25, 1650, '2016-01-01', NULL, NULL),
	(2, 26, 1650, '2016-01-01', NULL, NULL),
	(3, 27, 1500, '2016-01-01', NULL, NULL),
	(4, 28, 1500, '2016-01-01', NULL, NULL),
	(5, 29, 1500, '2016-01-01', NULL, NULL),
	(6, 30, 1500, '2013-01-01', NULL, NULL),
	(7, 31, 1500, '2013-01-01', NULL, NULL),
	(8, 32, 1500, '2013-01-01', NULL, NULL),
	(9, 33, 1500, '2016-01-01', NULL, NULL),
	(10, 34, 1650, '2013-01-01', NULL, NULL),
	(11, 35, 1650, '2013-01-01', NULL, NULL),
	(12, 36, 1650, '2013-01-01', NULL, NULL),
	(1, 37, 1650, '2013-01-01', NULL, NULL),
	(2, 38, 1650, '2013-01-01', NULL, NULL),
	(3, 39, 1650, '2014-01-01', NULL, NULL),
	(4, 40, 1700, '2014-01-01', NULL, NULL),
	(5, 41, 1700, '2014-01-01', NULL, NULL),
	(6, 42, 1700, '2014-01-01', NULL, NULL),
	(7, 43, 1700, '2014-01-01', NULL, NULL),
	(8, 44, 1700, '2014-01-01', NULL, NULL),
	(9, 45, 1700, '2014-01-01', NULL, NULL),
	(10, 46, 1700, '2014-01-01', NULL, NULL),
	(11, 47, 1700, '2014-01-01', NULL, NULL),
	(12, 48, 1650, '2014-01-01', NULL, NULL),
	(1, 49, 1650, '2014-01-01', NULL, NULL),
	(2, 50, 1750, '2015-01-01', NULL, NULL),
	(3, 51, 1750, '2015-01-01', NULL, NULL),
	(4, 52, 1750, '2015-01-01', NULL, NULL),
	(5, 53, 1750, '2015-01-01', NULL, NULL),
	(6, 54, 1750, '2015-01-01', NULL, NULL),
	(7, 55, 1750, '2015-01-01', NULL, NULL),
	(8, 56, 1750, '2015-01-01', NULL, NULL),
	(9, 57, 1750, '2007-01-01', '2008-01-18', NULL),
	(10, 58, 1650, '2010-01-01', NULL, NULL),
	(11, 59, 1650, '2010-01-01', NULL, NULL),
	(12, 60, 1650, '2010-01-01', NULL, NULL),
	(1, 61, 1900, '2010-01-01', NULL, NULL),
	(2, 62, 1900, '2010-01-01', NULL, NULL),
	(3, 63, 1900, '2006-01-01', NULL, NULL),
	(4, 64, 1900, '2006-01-01', NULL, NULL),
	(5, 65, 1900, '2006-01-01', NULL, NULL),
	(6, 66, 1900, '2006-01-01', NULL, NULL),
	(7, 67, 1900, '2006-01-01', NULL, NULL),
	(8, 68, 1900, '2006-01-01', NULL, NULL),
	(9, 69, 1900, '2007-01-01', NULL, NULL),
	(10, 70, 1900, '2007-01-01', NULL, NULL),
	(11, 71, 1650, '2007-01-01', NULL, NULL),
	(12, 72, 1650, '2007-01-01', NULL, NULL),
	(1, 73, 1850, '2007-01-01', '2011-04-04', NULL),
	(2, 74, 1850, '2008-01-01', NULL, NULL),
	(3, 75, 1850, '2008-01-01', NULL, NULL),
	(4, 76, 1850, '2008-01-01', NULL, NULL),
	(5, 77, 1850, '2008-01-01', NULL, NULL),
	(6, 78, 1850, '2008-01-01', NULL, NULL),
	(7, 79, 1850, '2008-01-01', NULL, NULL),
	(8, 80, 1850, '2008-01-01', NULL, NULL),
	(9, 81, 1850, '2008-01-01', NULL, NULL),
	(10, 82, 1850, '2008-01-01', NULL, NULL),
	(11, 83, 1850, '2008-01-01', NULL, NULL),
	(12, 84, 1650, '2008-01-01', NULL, NULL),
	(1, 85, 1650, '2008-01-01', NULL, NULL),
	(2, 86, 1650, '2008-01-01', NULL, NULL),
	(3, 87, 1400, '2008-01-01', NULL, NULL),
	(4, 88, 1400, '2008-01-01', '2010-02-01', NULL),
	(5, 89, 1400, '2010-01-01', NULL, NULL),
	(6, 90, 1400, '2010-01-01', NULL, NULL),
	(7, 91, 1400, '2010-01-01', NULL, NULL),
	(8, 92, 1400, '2010-01-01', NULL, NULL),
	(9, 93, 1400, '2010-01-01', NULL, NULL),
	(10, 94, 1650, '2010-01-01', NULL, NULL),
	(11, 95, 1200, '2010-01-01', NULL, NULL),
	(12, 96, 1200, '2011-01-01', NULL, NULL),
	(1, 97, 1200, '2011-01-01', NULL, NULL),
	(2, 98, 1200, '2011-01-01', NULL, NULL),
	(3, 99, 1650, '2011-01-01', NULL, NULL),
	(4, 100, 1650, '2011-01-01', NULL, NULL);
















































































INSERT INTO Oda_EkHizmet(
	EkHizmetId, OdaId
) VALUES
	(1,1),
	(2,1),
	(3,1),
	(4,1),
	(5,1),
	(1,6),
	(2,7),
	(3,8),
	(4,9),
	(5,10);

INSERT INTO Rezervasyon_EkHizmet(
	EkHizmetId, RezervasyonId, ToplamTutar
) VALUES
(1, 1, (SELECT F.Deger FROM Fiyat F JOIN EkHizmet EK ON EK.Id = F.EkHizmetId WHERE (GETDATE() BETWEEN F.BaslangicTarihi AND F.BitisTarihi) AND (EK.Id = 1))),
(1, 2, (SELECT F.Deger FROM Fiyat F JOIN EkHizmet EK ON EK.Id = F.EkHizmetId WHERE (GETDATE() BETWEEN F.BaslangicTarihi AND F.BitisTarihi) AND (EK.Id = 1))),
(2, 3, (SELECT F.Deger FROM Fiyat F JOIN EkHizmet EK ON EK.Id = F.EkHizmetId WHERE (GETDATE() BETWEEN F.BaslangicTarihi AND F.BitisTarihi) AND (EK.Id = 2))),
(2, 4, (SELECT F.Deger FROM Fiyat F JOIN EkHizmet EK ON EK.Id = F.EkHizmetId WHERE (GETDATE() BETWEEN F.BaslangicTarihi AND F.BitisTarihi) AND (EK.Id = 2))),
(3, 5, (SELECT F.Deger FROM Fiyat F JOIN EkHizmet EK ON EK.Id = F.EkHizmetId WHERE (GETDATE() BETWEEN F.BaslangicTarihi AND F.BitisTarihi) AND (EK.Id = 3))),
(3, 6, (SELECT F.Deger FROM Fiyat F JOIN EkHizmet EK ON EK.Id = F.EkHizmetId WHERE (GETDATE() BETWEEN F.BaslangicTarihi AND F.BitisTarihi) AND (EK.Id = 3))),
(4, 7, (SELECT F.Deger FROM Fiyat F JOIN EkHizmet EK ON EK.Id = F.EkHizmetId WHERE (GETDATE() BETWEEN F.BaslangicTarihi AND F.BitisTarihi) AND (EK.Id = 4))),
(4, 8, (SELECT F.Deger FROM Fiyat F JOIN EkHizmet EK ON EK.Id = F.EkHizmetId WHERE (GETDATE() BETWEEN F.BaslangicTarihi AND F.BitisTarihi) AND (EK.Id = 4))),
(5, 9, (SELECT F.Deger FROM Fiyat F JOIN EkHizmet EK ON EK.Id = F.EkHizmetId WHERE (GETDATE() BETWEEN F.BaslangicTarihi AND F.BitisTarihi) AND (EK.Id = 5))),
(5, 10, (SELECT F.Deger FROM Fiyat F JOIN EkHizmet EK ON EK.Id = F.EkHizmetId WHERE (GETDATE() BETWEEN F.BaslangicTarihi AND F.BitisTarihi) AND (EK.Id = 5))),
(5, 11, (SELECT F.Deger FROM Fiyat F JOIN EkHizmet EK ON EK.Id = F.EkHizmetId WHERE ('2018-07-09' BETWEEN F.BaslangicTarihi AND F.BitisTarihi) AND (EK.Id = 5))); 
INSERT INTO Rezervasyon_OtelOlanaklari(
	OtelOlanaklariId, RezervasyonId, ToplamTutar
) VALUES
	(1, 1, (SELECT F.Deger FROM Fiyat F JOIN OtelOlanaklari OO ON OO.Id = F.OtelOlanaklariId WHERE (GETDATE() BETWEEN F.BaslangicTarihi AND F.BitisTarihi) AND OO.Id = 1)),
	(2, 2, (SELECT F.Deger FROM Fiyat F JOIN OtelOlanaklari OO ON OO.Id = F.OtelOlanaklariId WHERE (GETDATE() BETWEEN F.BaslangicTarihi AND F.BitisTarihi) AND OO.Id = 2)),
	(3, 3, (SELECT F.Deger FROM Fiyat F JOIN OtelOlanaklari OO ON OO.Id = F.OtelOlanaklariId WHERE (GETDATE() BETWEEN F.BaslangicTarihi AND F.BitisTarihi) AND OO.Id = 3)),
	(4, 4, (SELECT F.Deger FROM Fiyat F JOIN OtelOlanaklari OO ON OO.Id = F.OtelOlanaklariId WHERE (GETDATE() BETWEEN F.BaslangicTarihi AND F.BitisTarihi) AND OO.Id = 4)),
	(5, 5, (SELECT F.Deger FROM Fiyat F JOIN OtelOlanaklari OO ON OO.Id = F.OtelOlanaklariId WHERE (GETDATE() BETWEEN F.BaslangicTarihi AND F.BitisTarihi) AND OO.Id = 5)),
	(6, 6, (SELECT F.Deger FROM Fiyat F JOIN OtelOlanaklari OO ON OO.Id = F.OtelOlanaklariId WHERE (GETDATE() BETWEEN F.BaslangicTarihi AND F.BitisTarihi) AND OO.Id = 6)),
	(7, 7, (SELECT F.Deger FROM Fiyat F JOIN OtelOlanaklari OO ON OO.Id = F.OtelOlanaklariId WHERE (GETDATE() BETWEEN F.BaslangicTarihi AND F.BitisTarihi) AND OO.Id = 7)),
	(8, 8, (SELECT F.Deger FROM Fiyat F JOIN OtelOlanaklari OO ON OO.Id = F.OtelOlanaklariId WHERE (GETDATE() BETWEEN F.BaslangicTarihi AND F.BitisTarihi) AND OO.Id = 8)),
	(9, 9, (SELECT F.Deger FROM Fiyat F JOIN OtelOlanaklari OO ON OO.Id = F.OtelOlanaklariId WHERE (GETDATE() BETWEEN F.BaslangicTarihi AND F.BitisTarihi) AND OO.Id = 9)),
	(10, 10, (SELECT F.Deger FROM Fiyat F JOIN OtelOlanaklari OO ON OO.Id = F.OtelOlanaklariId WHERE (GETDATE() BETWEEN F.BaslangicTarihi AND F.BitisTarihi) AND OO.Id = 10));

INSERT INTO Rezervasyon_Oda(
	OdaId, RezervasyonId, ToplamTutar
) VALUES
	(1,1, (SELECT F.Deger FROM Fiyat F JOIN OdaTipi OT ON OT.Id = F.OdaTipiId JOIN Oda O ON O.OdaTipiId = OT.Id WHERE (GETDATE() BETWEEN F.BaslangicTarihi AND F.BitisTarihi) AND  (O.Id = 1))),
	(44,1, (SELECT F.Deger FROM Fiyat F JOIN OdaTipi OT ON OT.Id = F.OdaTipiId JOIN Oda O ON O.OdaTipiId = OT.Id WHERE (GETDATE() BETWEEN F.BaslangicTarihi AND F.BitisTarihi) AND  (O.Id = 44))),
	(2,2, (SELECT F.Deger FROM Fiyat F JOIN OdaTipi OT ON OT.Id = F.OdaTipiId JOIN Oda O ON O.OdaTipiId = OT.Id WHERE (GETDATE() BETWEEN F.BaslangicTarihi AND F.BitisTarihi) AND  (O.Id = 2))),
	(3,3, (SELECT F.Deger FROM Fiyat F JOIN OdaTipi OT ON OT.Id = F.OdaTipiId JOIN Oda O ON O.OdaTipiId = OT.Id WHERE (GETDATE() BETWEEN F.BaslangicTarihi AND F.BitisTarihi) AND  (O.Id = 3))),
	(4,4, (SELECT F.Deger FROM Fiyat F JOIN OdaTipi OT ON OT.Id = F.OdaTipiId JOIN Oda O ON O.OdaTipiId = OT.Id WHERE (GETDATE() BETWEEN F.BaslangicTarihi AND F.BitisTarihi) AND  (O.Id = 4))),
	(5,5, (SELECT F.Deger FROM Fiyat F JOIN OdaTipi OT ON OT.Id = F.OdaTipiId JOIN Oda O ON O.OdaTipiId = OT.Id WHERE (GETDATE() BETWEEN F.BaslangicTarihi AND F.BitisTarihi) AND  (O.Id = 5))),
	(6,6, (SELECT F.Deger FROM Fiyat F JOIN OdaTipi OT ON OT.Id = F.OdaTipiId JOIN Oda O ON O.OdaTipiId = OT.Id WHERE (GETDATE() BETWEEN F.BaslangicTarihi AND F.BitisTarihi) AND  (O.Id = 6))),
	(7,7, (SELECT F.Deger FROM Fiyat F JOIN OdaTipi OT ON OT.Id = F.OdaTipiId JOIN Oda O ON O.OdaTipiId = OT.Id WHERE (GETDATE() BETWEEN F.BaslangicTarihi AND F.BitisTarihi) AND  (O.Id = 7))),
	(8,8, (SELECT F.Deger FROM Fiyat F JOIN OdaTipi OT ON OT.Id = F.OdaTipiId JOIN Oda O ON O.OdaTipiId = OT.Id WHERE (GETDATE() BETWEEN F.BaslangicTarihi AND F.BitisTarihi) AND  (O.Id = 8))),
	(9,9, (SELECT F.Deger FROM Fiyat F JOIN OdaTipi OT ON OT.Id = F.OdaTipiId JOIN Oda O ON O.OdaTipiId = OT.Id WHERE (GETDATE() BETWEEN F.BaslangicTarihi AND F.BitisTarihi) AND  (O.Id = 9))),
	(10,10, (SELECT F.Deger FROM Fiyat F JOIN OdaTipi OT ON OT.Id = F.OdaTipiId JOIN Oda O ON O.OdaTipiId = OT.Id WHERE (GETDATE() BETWEEN F.BaslangicTarihi AND F.BitisTarihi) AND  (O.Id = 10)));

INSERT INTO Rezervasyon_Musteri(
	MusteriId, RezervasyonId
) VALUES
	(1,1),
	(2,2),
	(3,3),
	(4,4),
	(5,5),
	(6,6),
	(7,7),
	(8,8),
	(9,9),
	(10,10),
	(22,1),
	(33,2),
	(44,3),
	(47,4),
	(55,5),
	(66,6),
	(77,7),
	(88,8),
	(99,9),
	(98,10),
	(47,4),
	(45,5),
	(46,6),
	(37,7),
	(38,8),
	(39,9),
	(38,10)
